產品代碼,品牌代碼,圖片,商品標題,適用年齡,商品種類
AF1,AF,10_15-21-39-15.jpg,AFreschi 艾富鮮 小春日和 貓主食罐 貓咪 主食罐 貓罐 80g，雞肉、鮪魚、鮭魚,成貓,主食罐
AF2,AF,10_15-21-39-15.jpg,AFreschi 艾富鮮 小春日和 貓主食罐 貓咪 主食罐 貓罐 80g，雞肉、鮪魚、巴沙魚,成貓,主食罐
AF3,AF,10_15-21-39-15.jpg,AFreschi 艾富鮮 小春日和 貓主食罐 貓咪 主食罐 貓罐 80g，雞肉、鮪魚、起司,成貓,主食罐
AF4,AF,10_15-21-39-15.jpg,AFreschi 艾富鮮 小春日和 貓主食罐 貓咪 主食罐 貓罐 80g，雞肉、鮪魚、南瓜,成貓,主食罐
AH1,AH,28_15-21-39-45.jpg,超越巔峰主食貓罐 雞肉/鮭魚/鮪魚/龍蝦/鵪鶉蛋/魚子醬 80g 貓咪罐頭 挑嘴貓 主食罐頭，野牧鮮雞佐國王鮭,成貓,主食罐
AH2,AH,28_15-21-39-45.jpg,超越巔峰主食貓罐 雞肉/鮭魚/鮪魚/龍蝦/鵪鶉蛋/魚子醬 80g 貓咪罐頭 挑嘴貓 主食罐頭，野牧鮮雞佐魚子醬,成貓,主食罐
AH3,AH,28_15-21-39-45.jpg,超越巔峰主食貓罐 雞肉/鮭魚/鮪魚/龍蝦/鵪鶉蛋/魚子醬 80g 貓咪罐頭 挑嘴貓 主食罐頭，野牧鮮雞佐貝類,成貓,主食罐
AH4,AH,28_15-21-39-45.jpg,超越巔峰主食貓罐 雞肉/鮭魚/鮪魚/龍蝦/鵪鶉蛋/魚子醬 80g 貓咪罐頭 挑嘴貓 主食罐頭，野牧鮮雞佐鵪鶉蛋,成貓,主食罐
As1,As,2_15-21-45-36.jpg,【A star】貓專用 高濃度離胺酸－60G 貓保健 貓保健食品 貓咪保健(F952B03),全齡貓,保健食品
CB1,CB,12_15-21-41-45.jpg,貓寶 SS60 天然無穀頂級貓糧 3磅/6磅/22磅 寵物飼料 貓咪飼料 貓飼料 幼貓飼料 成貓飼料 高齡貓飼料 貓糧,老齡貓,飼料
CB2,CB,12_15-21-41-45.jpg,貓寶 SS60 天然無穀頂級貓糧 3磅/6磅/22磅 寵物飼料 貓咪飼料 貓飼料 幼貓飼料 成貓飼料 高齡貓飼料 貓糧,老齡貓,飼料
CG1,CG,1_15-21-41-25.jpg,Cat Glory 驕傲貓 無穀羊雞肉低敏化毛配方3磅/6磅 貓咪飼料 成貓飼料 幼貓飼料 高齡貓飼料 無穀飼料貓飼料,全齡貓,飼料
CG2,CG,1_15-21-45-35.jpg,【CatGlory 驕傲貓】貓專用 泌尿護理粉 60g 貓保健 泌尿保健 貓咪保健食品(F912B03),全齡貓,保健食品
CG3,CG,3_15-21-45-37.jpg,【CatGlory 驕傲貓】貓專用 鱉蛋亮毛粉 60g 貓保健 皮膚保健 毛髮保健 貓咪保健食品(F912B01),全齡貓,保健食品
CK1,CK,19_15-21-39-30.jpg,【喵皇奴】貓咪主食餐包，4種口味，320g，台灣製(單包) (10折)，純雞肉,全齡貓,主食罐
CK2,CK,19_15-21-39-30.jpg,【喵皇奴】貓咪主食餐包，4種口味，320g，台灣製(單包) (10折)，雞肉+牛肉,全齡貓,主食罐
CK3,CK,19_15-21-39-30.jpg,【喵皇奴】貓咪主食餐包，4種口味，320g，台灣製(單包) (10折)，雞肉+鮭魚,全齡貓,主食罐
CK4,CK,19_15-21-39-30.jpg,【喵皇奴】貓咪主食餐包，4種口味，320g，台灣製(單包) (10折)雞肉+鵪鶉,全齡貓,主食罐
CP1,CP,6_15-21-39-09.jpg,【貓侍Catpool 食補罐 甲魚食補主食罐】80g/罐 貓罐 AAFCO營養標準 貓咪罐頭 (5.3折) 雞肉+甲魚精+甲魚,全齡貓,主食罐
CP10,CP,3_15-22-03-40.jpg,貓侍Catpool 馬卡龍系列 貓咪水分補給副食罐 全魚宴 85g,成貓,副食罐
CP11,CP,3_15-22-03-40.jpg,貓侍Catpool 馬卡龍系列 貓咪水分補給副食罐 海鮮盛宴 85g,成貓,副食罐
CP8,CP,3_15-22-03-40.jpg,貓侍Catpool 馬卡龍系列 貓咪水分補給副食罐 美味雞肉煲85g,成貓,副食罐
CP9,CP,3_15-22-03-40.jpg,貓侍Catpool 馬卡龍系列 貓咪水分補給副食罐 香雞鮪魚燉牛肝 85g,成貓,副食罐
CS1,CS,24_15-21-39-40.jpg,《Chicken Soup for the Soul》心靈雞湯 貓咪主食貓罐 幼母貓 成貓 全齡貓 156g【培菓寵物】，雞肉、火雞肉,幼貓,主食罐
CS2,CS,24_15-21-39-40.jpg,《Chicken Soup for the Soul》心靈雞湯 貓咪主食貓罐 幼母貓 成貓 全齡貓 156g【培菓寵物】,老齡貓,主食罐
CS3,CS,24_15-21-39-40.jpg,《Chicken Soup for the Soul》心靈雞湯 貓咪主食貓罐 幼母貓 成貓 全齡貓 156g【培菓寵物】，雞肉、鮭魚,成貓,主食罐
DCS1,DCS,14_15-21-39-20.jpg,【汪喵星球】貓咪98%鮮肉無膠主食罐 單罐80g 貓罐 貓主食 無膠 低敏鴨肉,成貓,主食罐
DCS2,DCS,14_15-21-39-20.jpg,【汪喵星球】貓咪98%鮮肉無膠主食罐 單罐80g  貓罐 貓主食 無膠 田園火雞,成貓,主食罐
DCS10,DCS,DCS10.PNG,汪喵星球-免疫力提升保養粉(50顆) X 1入,全齡貓,保健食品
DCS12,DCS,DCS12.PNG,『寵喵樂旗艦店』DogCatStar汪喵星球 泌尿道健康保養粉50顆·犬貓營養品,全齡貓,保健食品
DCS15,DCS,DCS15.PNG,【汪喵星球】汪喵星球 皮膚益生菌 盒裝30包 2gx30包 益生菌 X 護膚營養 舒緩敏感更有感 新改版 配方升級,全齡貓,保健食品
DCS20,DCS,DCS20.PNG,【汪喵星球】原味腸胃益生菌,全齡貓,保健食品
DCS23,DCS,DCS23.PNG,【毛豆寵物】汪喵星球 幼母貓98% 鮮嫩雞餐 營養無膠主食罐 80g,幼貓,主食罐
DCS26,DCS,DCS26.PNG,汪喵星球98%低磷無膠老貓營養主食罐80G 鹿野土雞餐,老齡貓,主食罐
DCS3,DCS,14_15-21-39-20.jpg,【汪喵星球】貓咪98%鮮肉無膠主食罐 單罐80g  貓罐 貓主食 無膠 草飼牛肉,成貓,主食罐
DCS4,DCS,6_15-21-41-33.jpg,【營養方便！汪喵星球 貓咪冷凍乾燥生食80g 安心雞 櫻桃鴨】 凍乾 飼料 ,全齡貓,飼料
DCS6,DCS,12_15-21-39-17.jpg,汪喵星球 低脂罐 貓咪 低卡主食罐 貓罐 80g 清爽雞肉泥,成貓,主食罐
DCS7,DCS,12_15-21-39-17.jpg,汪喵星球 低脂罐 貓咪 低卡主食罐 貓罐 80g 元氣草飼牛,成貓,主食罐
DD1,DD,29_15-21-39-47.jpg,爵士貓吧 主食罐 80g貓罐頭 貓咪罐頭｜毛掌櫃⭐歡慶雙11-領券最高折1111⭐,全齡貓,主食罐
DD2,DD,29_15-21-39-47.jpg,爵士貓吧 主食罐 80g貓罐頭 貓咪罐頭｜毛掌櫃⭐歡慶雙11-領券最高折1111⭐,全齡貓,主食罐
DRE1,DRE,5_15-22-03-44.jpg,【DREAMSELECT】小老福濃湯罐 .鮪魚貓草 貓咪副食罐/貓飼料/貓副食/貓咪食品/貓罐頭,全齡貓,副食罐
DRE2,DRE,5_15-22-03-44.jpg,【DREAMSELECT】小老福濃湯罐 .鮪魚鮮蝦 貓咪副食罐/貓飼料/貓副食/貓咪食品/貓罐頭,全齡貓,副食罐
DRE3,DRE,5_15-22-03-44.jpg,【DREAMSELECT】小老福濃湯罐 .鮪魚蔓越莓 貓咪副食罐/貓飼料/貓副食/貓咪食品/貓罐頭,全齡貓,副食罐
DRE4,DRE,5_15-22-03-44.jpg,【DREAMSELECT】小老福濃湯罐 .鮪魚小銀魚 貓咪副食罐/貓飼料/貓副食/貓咪食品/貓罐頭,全齡貓,副食罐
F1,F,2_15-21-41-26.jpg,本牧 earthmade 紐西蘭無穀全齡貓糧 人道非籠飼育雞 寵物飼料 貓飼料 貓咪飼料 貓糧 成貓飼料 全齡貓 幼貓,全齡貓,飼料
FM1,FM,17_15-21-41-54.jpg,Farmina法米納《天然無穀全系列》1.5kg 鹿肉蘋果 寵物飼料 貓咪飼料 幼貓飼料  結紮貓飼料,全齡貓,飼料
FM2,FM,17_15-21-41-54.jpg,【Farmina 法米納】頂級無穀貓飼料1.5kg 鴨肉哈密瓜 (貓飼料 貓乾糧 貓糧),全齡貓,飼料
FM4,FM,17_15-21-41-54.jpg,【Farmina 法米納】頂級無穀貓飼料 羊肉藍莓 (貓飼料 貓乾糧 貓糧),全齡貓,飼料
FM6,FM,17_15-21-41-54.jpg,【Farmina 法米納】頂級無穀貓飼料1.5kg 雞肉石榴 (貓飼料 貓乾糧 貓糧),幼貓,飼料
FS1,FS,19_15-21-41-58.jpg,法國皇家/貓咪泌尿道處方飼料/CD/LP34/6kg,全齡貓,飼料
FUS1,FUS,9_15-21-41-37.jpg,《FUSO Pets》福壽貓 菲尼斯貓飼料  貓咪 貓飼料 福壽貓食 9KG ，鮪魚、雞肉,成貓,飼料
FUS2,FUS,9_15-21-41-37.jpg,《FUSO Pets》福壽貓 菲尼斯貓飼料 六種口味 貓咪 貓飼料 福壽貓食 9KG【培菓寵物】，燻雞,成貓,飼料
FUS3,FUS,9_15-21-41-37.jpg,【福壽】FUSO Pets福壽貓食20磅-鮭魚、牛肉(貓飼料 貓糧 寵物飼料 貓乾糧),成貓,飼料
FUS4,FUS,9_15-21-41-37.jpg,【福壽】FUSO Pets福壽貓食20磅-鮪魚、蟹肉(任選(貓飼料 貓糧 寵物飼料 貓乾糧),成貓,飼料
GO1,GO,14_15-21-41-49.jpg,GO! 貓咪天然糧 無穀全貓配方 低致敏 高肉量 WDJ 貓糧 貓飼料 原裝進口【寵物主義】，皮毛保健無穀野生鮭魚貓糧 8磅,全齡貓,飼料
GO2,GO,14_15-21-41-49.jpg,GO! 貓咪天然糧 無穀全貓配方 低致敏 高肉量 WDJ 貓糧 貓飼料 原裝進口【寵物主義】，低致敏無穀貓糧 8磅,全齡貓,飼料
GO3,GO,10_15-21-41-40.jpg,Go! 雞肉蔬果 8磅 皮毛保健 全貓配方,全齡貓,飼料
GO4,GO,21_15-21-39-35.jpg,【Go】SofyDOG 德國貓咪主食罐100克 能量羊 貓主食罐 貓罐 成貓 幼貓 老貓 挑嘴貓 無穀 無膠,全齡貓,主食罐
GO5,GO,21_15-21-39-35.jpg,【Go】SofyDOG 德國貓咪主食罐100克 四種肉 貓主食罐 貓罐 成貓 幼貓 老貓 挑嘴貓 無穀 無膠,全齡貓,主食罐
GO6,GO,GO6.PNG,【Go!】鮮食利樂貓餐包 182g/單入,全齡貓,主食罐
IT1,IT,IT1.PNG,《愛寵貓砂》可溶水豆腐砂 7L 原味,全齡貓,貓砂
IT2,IT,IT2.PNG,【愛寵】超極細豆腐貓砂6L,全齡貓,貓砂
JN1,JN,0_15-22-03-34.jpg,皇冠大海貓罐頭 400g 大罐貓罐頭 四種口味 貓食品 貓副食罐 貓咪罐頭 貓罐罐超取限10罐【佳恩寵物 】，海鮮拼盤、鮮蝦凍,全齡貓,副食罐
JN2,JN,0_15-22-03-34.jpg,皇冠大海貓罐頭 400g 大罐貓罐頭 四種口味 貓食品 貓副食罐 貓咪罐頭 貓罐罐超取限10罐【佳恩寵物 】，鮪魚、雞肉鮮蝦凍,全齡貓,副食罐
JN3,JN,0_15-22-03-34.jpg,皇冠大海貓罐頭 400g 大罐貓罐頭 四種口味 貓食品 貓副食罐 貓咪罐頭 貓罐罐超取限10罐【佳恩寵物 】，鮪魚、沙丁魚,全齡貓,副食罐
JN4,JN,0_15-22-03-34.jpg,皇冠大海貓罐頭 400g 大罐貓罐頭 四種口味 貓食品 貓副食罐 貓咪罐頭 貓罐罐超取限10罐【佳恩寵物 】，鮪魚,全齡貓,副食罐
K91,K9,3_15-21-39-04.jpg,K9 Feline Natural 貓咪凍乾生食餐 320g 牛+鳕,全齡貓,飼料
K92,K9,16_15-21-41-53.jpg,【K9 Natural】貓咪凍乾生食餐-320g  羊+鮭,全齡貓,飼料
K96,K9,K96.PNG,【K9 Natural】98%鮮燉生肉主食貓罐 170g 口味 牛肉 ,全齡貓,主食罐
K98,K9,K98.PNG,【K9 Natural】貓咪鮮燉餐包-85g  雞肉羊肉 (貓餐包 貓罐頭 濕食 無穀 肉泥 紐西蘭 全齡貓 主食),全齡貓,主食罐
LC1,LC,5_15-21-39-07.jpg,紐西蘭ZEALANDIA狂野天廚90g/185g 貓咪無穀主食罐/貓罐頭/保養型主食/貓罐頭-悠懶貓，極品-野味袋鼠,成貓,主食罐
LC2,LC,5_15-21-39-07.jpg,紐西蘭ZEALANDIA狂野天廚90g/185g 貓咪無穀主食罐/貓罐頭/保養型主食/貓罐頭-悠懶貓，極品-鮮味野鹿,成貓,主食罐
LC3,LC,5_15-21-39-07.jpg,紐西蘭ZEALANDIA狂野天廚90g/185g 貓咪無穀主食罐/貓罐頭/保養型主食/貓罐頭-悠懶貓，經典-珍味小羊,成貓,主食罐
LC4,LC,5_15-21-39-07.jpg,紐西蘭ZEALANDIA狂野天廚90g/185g 貓咪無穀主食罐/貓罐頭/保養型主食/貓罐頭-悠懶貓，經典-草原野牛,成貓,主食罐
LIS1,LIS,7_15-22-03-46.jpg,日本銀湯匙 貓咪餐包 湯包 貓餐包 魚肉餐包 副食餐包 60g，鮪魚,全齡貓,副食罐
LIS2,LIS,7_15-22-03-46.jpg,日本銀湯匙 貓咪餐包 湯包 貓餐包 魚肉餐包 副食餐包 60g，鮪魚、鰹魚、柴魚片,全齡貓,副食罐
LIS3,LIS,7_15-22-03-46.jpg,日本銀湯匙 貓咪餐包 湯包 貓餐包 魚肉餐包 副食餐包 60g，鮪魚、鰹魚、吻仔魚,全齡貓,副食罐
LIS4,LIS,7_15-22-03-46.jpg,日本銀湯匙 貓咪餐包 湯包 貓餐包 魚肉餐包 副食餐包 60g，鮪魚、鰹魚、雞胸肉,全齡貓,副食罐
MIX1,MIX,0_15-21-41-24.jpg,MIX什錦貓食 70g 貓零食 貓飼料 寵物零食 貓咪餅乾 貓咪無穀飼料，特鮮銀魚,全齡貓,飼料
MIX2,MIX,0_15-21-41-24.jpg,什錦MIX▸貓餐包▸隨手包▸寵物飼料▸貓咪乾糧▸頂級鮮蝦▸無穀乾糧▸貓咪飼料▸台灣製造,全齡貓,飼料
MIX3,MIX,0_15-21-41-24.jpg,什錦MIX▸貓餐包▸隨手包▸寵物飼料▸貓咪乾糧▸櫻花蝦▸無穀乾糧▸貓咪飼料▸台灣製造,全齡貓,飼料
MP1,MP,3_15-21-41-28.jpg,【MonPetit 貓倍麗】成貓乾糧 3lb/1.36kg，海鮮拼盤,成貓,飼料
MP2,MP,3_15-21-41-28.jpg,【MonPetit 貓倍麗】成貓乾糧 3lb/1.36kg，化毛配方,成貓,飼料
MP3,MP,3_15-21-41-28.jpg,【MonPetit 貓倍麗】成貓乾糧 3lb/1.36kg，鮮魚什錦,成貓,飼料
MP4,MP,MP4.PNG,Mon Petit貓倍麗®美國經典主食罐 85g,全齡貓,主食罐
NKo1,NKo,8_15-22-03-47.jpg,【吶一口】貓咪湯罐 80g 無穀 副食罐 鮪魚底罐罐 ，鮪魚、蝦子,全齡貓,副食罐
NKo2,NKo,8_15-22-03-47.jpg,【吶一口】貓咪湯罐 80g  無穀 副食罐 鮪魚底罐罐，鮪魚、雞肉,全齡貓,副食罐
NKo3,NKo,8_15-22-03-47.jpg,【吶一口】貓咪湯罐 80g 無穀 副食罐 鮪魚底罐罐，鮪魚、柴魚,全齡貓,副食罐
NKo4,NKo,8_15-22-03-47.jpg,【吶一口】貓咪湯罐 80g 無穀 副食罐 鮪魚底罐罐，鮪魚、吻仔魚,全齡貓,副食罐
NOW1,NOW,7_15-21-41-34.jpg,Now! 鮮肉無穀天然糧 幼母貓配方 3磅,幼貓,飼料
NOW2,NOW,7_15-21-41-34.jpg,Now! 鮮肉無穀天然糧 老貓/減肥貓配方 3磅,老齡貓,飼料
QP1,QP,QP1.PNG,Q-Pet 天然松木砂 8L,全齡貓,貓砂
SH1,SH,9_15-22-03-48.jpg,【Schesir 雪詩雅】Schesir 義大利 雪詩雅 貓罐頭 天然水果貓罐 貓咪罐頭 副食罐 【三個寶】，純鮪魚,全齡貓,副食罐
SH2,SH,9_15-22-03-48.jpg,【Schesir 雪詩雅】Schesir 義大利 雪詩雅 貓罐頭 天然水果貓罐 貓咪罐頭 副食罐 【三個寶】，鮪魚、吻仔魚,全齡貓,副食罐
SH3,SH,9_15-22-03-48.jpg,【Schesir 雪詩雅】Schesir 義大利 雪詩雅 貓罐頭 天然水果貓罐 貓咪罐頭 副食罐 【三個寶】，鮪魚、蝦,全齡貓,副食罐
SH4,SH,9_15-22-03-48.jpg,【Schesir 雪詩雅】Schesir 義大利 雪詩雅 貓罐頭 天然水果貓罐 貓咪罐頭 副食罐 【三個寶】，鮪魚、雞肉,全齡貓,副食罐
SIN1,SIN,12_15-21-45-49.jpg,【SINGEN 信元發育寶】貓用整腸益生菌-5g,全齡貓,保健食品
SIN2,SIN,6_15-21-45-42.jpg,【SINGEN 信元發育寶】貓用護眼護心牛磺酸片-160錠/罐,全齡貓,保健食品
SIN3,SIN,4_15-21-45-39.jpg,SINGEN 信元發育寶 貓用毛球剋星天然營養配方化毛膏120g/條 海鮮雞肉風味,全齡貓,保健食品
SIN5,SIN,8_15-21-45-44.jpg,SINGEN 信元發育寶 貓用強健骨骼牙齒補充吸收鈣磷配方-250g/罐 貓咪保健 貓咪保健食品 貓咪補鈣 狗狗牙齒保健 貓咪骨骼保健,全齡貓,保健食品
SIN6,SIN,SIN6.PNG,SINGEN 信元發育寶 貓用泌尿道保健情緒舒緩配方蔓越莓軟嚼錠-60錠/罐,全齡貓,保健食品
SIN9,SIN,SIN9.PNG,SINGEN 信元發育寶 任選成貓用添加機能顆粒天然低敏無穀 鴨羊 機能飼料-1.5KG 貓乾糧,幼貓,飼料
SRS1,SRS,19_15-21-41-58.jpg,希爾思/貓咪泌尿道處方飼料/CD/LP34/6kg,全齡貓,飼料
Sup1,Sup,11_15-21-39-15.jpg,超級 SP 無膠 70g 貓用主食罐/ 貓罐/ 貓咪主食罐/ 無膠罐，鯖魚、南瓜,成貓,主食罐
Sup2,Sup,11_15-21-39-15.jpg,超級 SP 無膠 70g 貓用主食罐/ 貓罐/ 貓咪主食罐/ 無膠罐，鯖魚、紅蘿蔔,成貓,主食罐
Sup3,Sup,11_15-21-39-15.jpg,超級 SP 無膠 70g 貓用主食罐/ 貓罐/ 貓咪主食罐/ 無膠罐，鯖魚、鮮蝦、蟹肉,成貓,主食罐
Sup4,Sup,11_15-21-39-15.jpg,超級 SP 無膠 70g 貓用主食罐/ 貓罐/ 貓咪主食罐/ 無膠罐，雞肉、南瓜,成貓,主食罐
WJ1,WJ,18_15-21-39-29.jpg,偉嘉 貓咪主食罐頭24罐組(185g/入)海陸饗宴餐/海洋鮮魚餐 蝦皮直送 現貨,全齡貓,主食罐
WJ2,WJ,18_15-21-39-29.jpg,偉嘉 貓咪主食罐頭24罐組(185g/入)海陸饗宴餐/海洋鮮魚餐 蝦皮直送 現貨,全齡貓,主食罐