,產品代碼,評分,品牌代碼,圖片,商品標題,適用年齡,商品種類,成分1,成分2,成分3,成分4,成分5,成分6,成分7,成分8,成分9,成分10,成分11,成分12,成分13,成分14,成分15
0,AF1,1.0090870648992227,AF,10_15-21-39-15.jpg,AFreschi 艾富鮮 小春日和 貓主食罐 貓咪 主食罐 貓罐 80g，雞肉、鮪魚、鮭魚,成貓,主食罐,雞肉,鮪魚,鮭魚,雞湯,鮪魚湯,葛粉,魚油,洋菜,牛磺酸,碳酸鈣,綜合維生素,B群,維生素E,,
1,AF2,0.8242623927013166,AF,10_15-21-39-15.jpg,AFreschi 艾富鮮 小春日和 貓主食罐 貓咪 主食罐 貓罐 80g，雞肉、鮪魚、巴沙魚,成貓,主食罐,雞肉,鮪魚,巴沙魚,雞湯,鮪魚湯,葛粉,魚油,洋菜,牛磺酸,碳酸鈣,綜合維生素,B群,維生素E,,
2,AF3,0.8071973713742019,AF,10_15-21-39-15.jpg,AFreschi 艾富鮮 小春日和 貓主食罐 貓咪 主食罐 貓罐 80g，雞肉、鮪魚、起司,成貓,主食罐,雞肉,鮪魚,雞湯,鮪魚湯,巧達乳酪,葛粉,魚油,洋菜,牛磺酸,碳酸鈣,綜合維生素,B群,維生素E,,
3,AF4,0.8055765829559038,AF,10_15-21-39-15.jpg,AFreschi 艾富鮮 小春日和 貓主食罐 貓咪 主食罐 貓罐 80g，雞肉、鮪魚、南瓜,成貓,主食罐,雞肉,鮪魚,雞湯,鮪魚湯,南瓜,葛粉,魚油,洋菜,牛磺酸,碳酸鈣,綜合維生素,B群,維生素E,,
4,AH1,0.6604689514034234,AH,28_15-21-39-45.jpg,超越巔峰主食貓罐 雞肉/鮭魚/鮪魚/龍蝦/鵪鶉蛋/魚子醬 80g 貓咪罐頭 挑嘴貓 主食罐頭，野牧鮮雞佐國王鮭,成貓,主食罐,雞肉絲,雞心,雞肝,雞胗,鮭魚,水,木薯粉,瓜爾豆膠,維生素E,果寡糖,牛磺酸,,,,
5,AH2,0.4249395544143468,AH,28_15-21-39-45.jpg,超越巔峰主食貓罐 雞肉/鮭魚/鮪魚/龍蝦/鵪鶉蛋/魚子醬 80g 貓咪罐頭 挑嘴貓 主食罐頭，野牧鮮雞佐魚子醬,成貓,主食罐,雞肉絲,雞心,雞肝,雞胗,魚卵,水,木薯粉,瓜爾豆膠,維生素E,果寡糖,牛磺酸,,,,
6,AH3,0.4765161980045682,AH,28_15-21-39-45.jpg,超越巔峰主食貓罐 雞肉/鮭魚/鮪魚/龍蝦/鵪鶉蛋/魚子醬 80g 貓咪罐頭 挑嘴貓 主食罐頭，野牧鮮雞佐貝類,成貓,主食罐,雞肉絲,雞心,雞肝,雞胗,貝類,水,木薯粉,瓜爾豆膠,維生素E,果寡糖,牛磺酸,,,,
7,AH4,0.4277901402375898,AH,28_15-21-39-45.jpg,超越巔峰主食貓罐 雞肉/鮭魚/鮪魚/龍蝦/鵪鶉蛋/魚子醬 80g 貓咪罐頭 挑嘴貓 主食罐頭，野牧鮮雞佐鵪鶉蛋,成貓,主食罐,雞肉絲,雞心,雞肝,雞胗,鵪鶉蛋,水,木薯粉,瓜爾豆膠,維生素E,果寡糖,牛磺酸,,,,
8,As1,0.05466255253668425,As,2_15-21-45-36.jpg,【A star】貓專用 高濃度離胺酸－60G 貓保健 貓保健食品 貓咪保健(F952B03),全齡貓,保健食品,離胺酸,卵磷脂,鳳梨粉,麥芽糊精,乳糖,牛磺酸,凍乾雞肉粉,,,,,,,,
9,CB1,0.991735617577018,CB,12_15-21-41-45.jpg,貓寶 SS60 天然無穀頂級貓糧 3磅/6磅/22磅 寵物飼料 貓咪飼料 貓飼料 幼貓飼料 成貓飼料 高齡貓飼料 貓糧,老齡貓,飼料,雞肉,火雞肉,鴨肉,樹薯,碗豆,鷹嘴豆,雞油,芥花油,鮭魚油,脫水甜菜,水解雞肝,脫水干貝,芝麻,酵母粉,有機蔬果
10,CB2,0.5104253279409477,CB,12_15-21-41-45.jpg,貓寶 SS60 天然無穀頂級貓糧 3磅/6磅/22磅 寵物飼料 貓咪飼料 貓飼料 幼貓飼料 成貓飼料 高齡貓飼料 貓糧,老齡貓,飼料,海洋魚,碗豆,樹薯,鷹嘴豆,雞肉,雞油,芥花油,鮭魚油,脫水甜菜,水解雞肝,脫水干貝,芝麻,酵母粉,有機蔬果,必须礦物質
11,CG1,0.824744671241608,CG,1_15-21-41-25.jpg,Cat Glory 驕傲貓 無穀羊雞肉低敏化毛配方3磅/6磅 貓咪飼料 成貓飼料 幼貓飼料 高齡貓飼料 無穀飼料貓飼料,全齡貓,飼料,羊肉,雞肉,蕃藷,鷹嘴豆,雞脂肪,天然香料,椰子油,甜菜漿,Omega 3,Omega 6,混合魚油,膳食纖維,氯化銨,氯化鉀,完全維生素
12,CG2,0.09057986273439682,CG,1_15-21-45-35.jpg,【CatGlory 驕傲貓】貓專用 泌尿護理粉 60g 貓保健 泌尿保健 貓咪保健食品(F912B03),全齡貓,保健食品,日本食用活性碳,有機蔓越莓,鳳梨粉,麥芽糊精,乳糖,酵母粉,酪酸菌,鼠李糖乳桿菌,牛磺酸,黃地瓜粉,凍乾雞肉粉,,,,
13,CG3,0.0951910030992755,CG,3_15-21-45-37.jpg,【CatGlory 驕傲貓】貓專用 鱉蛋亮毛粉 60g 貓保健 皮膚保健 毛髮保健 貓咪保健食品(F912B01),全齡貓,保健食品,鱉蛋粉,水解膠原蛋白,卵磷脂,鳳梨粉,麥芽糊精,乳糖,酵母粉,酪酸菌,甘胺酸亞鐵,維生素C,維生素D,凍乾雞肉粉,,,
14,CK1,0.46061898534790124,CK,19_15-21-39-30.jpg,【喵皇奴】貓咪主食餐包，4種口味，320g，台灣製(單包) (10折)，純雞肉,全齡貓,主食罐,雞肉,水,雞心肝,雞油,綜合維生素,乳化劑,增稠劑,碳酸鈣,水解蛋白,魚油,碘鹽,洋車前子,南瓜,綜合胺基酸,牛磺酸
15,CK2,0.703437975180209,CK,19_15-21-39-30.jpg,【喵皇奴】貓咪主食餐包，4種口味，320g，台灣製(單包) (10折)，雞肉+牛肉,全齡貓,主食罐,雞肉,水,牛肉,雞心肝,雞油,綜合維生素,乳化劑,增稠劑,碳酸鈣,水解蛋白,魚油,碘鹽,洋車前子,南瓜,綜合胺基酸
16,CK3,0.7441041392742178,CK,19_15-21-39-30.jpg,【喵皇奴】貓咪主食餐包，4種口味，320g，台灣製(單包) (10折)，雞肉+鮭魚,全齡貓,主食罐,雞肉,水,鮭魚,雞心肝,雞油,綜合維生素,乳化劑,增稠劑,碳酸鈣,水解蛋白,魚油,碘鹽,洋車前子,南瓜,綜合胺基酸
17,CK4,0.6852650586231904,CK,19_15-21-39-30.jpg,【喵皇奴】貓咪主食餐包，4種口味，320g，台灣製(單包) (10折)雞肉+鵪鶉,全齡貓,主食罐,雞肉,水,鵪鶉,雞心肝,雞油,綜合維生素,乳化劑,增稠劑,碳酸鈣,水解蛋白,魚油,碘鹽,洋車前子,南瓜,綜合胺基酸
18,CP1,0.5396240052603171,CP,6_15-21-39-09.jpg,【貓侍Catpool 食補罐 甲魚食補主食罐】80g/罐 貓罐 AAFCO營養標準 貓咪罐頭 (5.3折) 雞肉+甲魚精+甲魚,全齡貓,主食罐,土雞肉,甲魚肉,水,甲魚精,洋車前子,牛磺酸,甲魚蛋,雞肝,甲魚油,,,,,,
19,CP10,0.7488576584587181,CP,3_15-22-03-40.jpg,貓侍Catpool 馬卡龍系列 貓咪水分補給副食罐 全魚宴 85g,成貓,副食罐,鮪魚,鮭魚,增稠劑,維生素E,,,,,,,,,,,
20,CP11,0.6835778008926132,CP,3_15-22-03-40.jpg,貓侍Catpool 馬卡龍系列 貓咪水分補給副食罐 海鮮盛宴 85g,成貓,副食罐,鮪魚,蝦,增稠劑,維生素,礦物質,,,,,,,,,,
21,CP8,0.46409104775476673,CP,3_15-22-03-40.jpg,貓侍Catpool 馬卡龍系列 貓咪水分補給副食罐 美味雞肉煲85g,成貓,副食罐,雞肉,增稠劑,纖維膠,維生素,礦物質,,,,,,,,,,
22,CP9,0.44208474174572093,CP,3_15-22-03-40.jpg,貓侍Catpool 馬卡龍系列 貓咪水分補給副食罐 香雞鮪魚燉牛肝 85g,成貓,副食罐,(雞肉提取物、牛肝及鮪魚提取物),增稠劑,維生素及礦物質,膠凝劑,牛磺酸,,,,,,,,,,
23,CS1,0.32294967737615143,CS,24_15-21-39-40.jpg,《Chicken Soup for the Soul》心靈雞湯 貓咪主食貓罐 幼母貓 成貓 全齡貓 156g【培菓寵物】，雞肉、火雞肉,幼貓,主食罐,鮮雞肉,鮮雞肝,鮮鮭魚,鮮火雞肉,雞肉高湯,火雞肉高湯,鮮鴨,蛋製品,全穀糙米,亞麻籽,燕麥片,胡蘿蔔,豌豆,氯化鉀,鹽
24,CS2,0.44477988514419287,CS,24_15-21-39-40.jpg,《Chicken Soup for the Soul》心靈雞湯 貓咪主食貓罐 幼母貓 成貓 全齡貓 156g【培菓寵物】,老齡貓,主食罐,鮮海魚,雞肉清湯,火雞肉清湯,鮮雞肉,鮮雞肝,全穀糙米,蛋製品,鮮鮭魚,鮮火雞肉,鮮鴨,胡蘿蔔,豌豆,亞麻籽,粉狀纖維素,燕麥片
25,CS3,0.2927502417937879,CS,24_15-21-39-40.jpg,《Chicken Soup for the Soul》心靈雞湯 貓咪主食貓罐 幼母貓 成貓 全齡貓 156g【培菓寵物】，雞肉、鮭魚,成貓,主食罐,鮮雞肉,鮮雞肝,雞肉高湯,火雞肉高湯,鮮鮭魚,鮮火雞肉,鮮鴨,蛋製品,全穀糙米,亞麻籽,燕麥片,胡蘿蔔,豌豆,氯化鉀,鹽
26,DCS1,0.8172155010048028,DCS,14_15-21-39-20.jpg,【汪喵星球】貓咪98%鮮肉無膠主食罐 單罐80g 貓罐 貓主食 無膠 低敏鴨肉,成貓,主食罐,鴨肉,雞肉,雞心肝,雞蛋黃,黃蓮花金蜆(含天然牛磺酸及Omega-3),天然魚油(富含Omega-3、DHA&EPA),小麥草,海藻,磷酸鈣,碳酸鈣,維生素(維生素B、維生素E、維生素D),綜合礦物質,牛磺酸,,
27,DCS10,0.22542384919772607,DCS,DCS10.PNG,汪喵星球-免疫力提升保養粉(50顆) X 1入,全齡貓,保健食品,高濃度有機褐藻醣膠,"B-1,3-1,6葡聚醣",黑酵母乳鐵蛋白,KT-11捲曲乳桿菌 Lactobacillus crispatus,膳食纖維,,,,,,,,,,
28,DCS12,0.03293750816767936,DCS,DCS12.PNG,『寵喵樂旗艦店』DogCatStar汪喵星球 泌尿道健康保養粉50顆·犬貓營養品,全齡貓,保健食品,蔓越莓萃取物,N-乙醯葡萄糖胺,GABA,玻尿酸,色胺酸,,,,,,,,,,
29,DCS15,0.09063971215822489,DCS,DCS15.PNG,【汪喵星球】汪喵星球 皮膚益生菌 盒裝30包 2gx30包 益生菌 X 護膚營養 舒緩敏感更有感 新改版 配方升級,全齡貓,保健食品,LP28益生菌,Danisco鼠李糖桿菌,神經醯胺,酵母鋅,"B-1,3-1,6葡聚醣",水解膠原蛋白胜肽,生物素,,,,,,,,
30,DCS2,0.6830557354779235,DCS,14_15-21-39-20.jpg,【汪喵星球】貓咪98%鮮肉無膠主食罐 單罐80g  貓罐 貓主食 無膠 田園火雞,成貓,主食罐,火雞肉,雞心肝,雞蛋黃,紐西蘭綠貽貝(含天然軟骨素及葡萄糖胺),天然魚油(富含Omega-3、DHA&EPA),小麥草,海藻,磷酸鈣,碳酸鈣,維生素(維生素B、維生素E、維生素D),綜合礦物質,牛磺酸,,,
31,DCS20,0.2560968740297274,DCS,DCS20.PNG,【汪喵星球】原味腸胃益生菌,全齡貓,保健食品,芽孢乳酸桿菌L.sporogene,比菲德氏龍根菌(B.longum),嗜酸乳桿菌(L.acidophilus),發酵乳桿菌(L.fermentum),瑞士乳桿菌(L.helvetics),副乾酪乳桿菌(L.paracasei),鼠李糖乳菌(L.reuteri),噬熱鏈球菌(Streptococcsthermopls),乳酸菌益源質,酵素,菊苣纖維,膳食纖維,維生素E,,
32,DCS23,0.6411536403362221,DCS,DCS23.PNG,【毛豆寵物】汪喵星球 幼母貓98% 鮮嫩雞餐 營養無膠主食罐 80g,幼貓,主食罐,雞肉,雞肝,雞蛋黃,天然魚油(富含Omega-3、DHA&EPA),海藻,磷酸鈣,愛爾蘭海藻鈣,維生素(維生素B、維生素E、維生素D),綜合礦物質,牛磺酸,"B-1,3-1,6葡聚醣",洋車前子膳食纖維,,,
33,DCS26,0.6451060696140267,DCS,DCS26.PNG,汪喵星球98%低磷無膠老貓營養主食罐80G 鹿野土雞餐,老齡貓,主食罐,土雞肉,雞肝,雞蛋黃,天然魚油(富含Omega-3、DHA&EPA),朝鮮薊,磷酸鈣,維生素(維生素B、維生素E、維生素D),,有機礦物質,中鍵脂肪酸,美國專利軟骨素,牛磺酸,洋車前子膳食纖維,,
34,DCS3,0.5893942804583312,DCS,14_15-21-39-20.jpg,【汪喵星球】貓咪98%鮮肉無膠主食罐 單罐80g  貓罐 貓主食 無膠 草飼牛肉,成貓,主食罐,草飼牛肉,雞肉,雞心肝,雞蛋黃,紐西蘭綠貽貝(含天然軟骨素及葡萄糖胺),天然魚油(富含Omega-3、DHA&EPA),小麥草,海藻,磷酸鈣,碳酸鈣,維生素(維生素B、維生素E、維生素D),綜合礦物質,牛磺酸,,
35,DCS4,0.4481831663818045,DCS,6_15-21-41-33.jpg,【營養方便！汪喵星球 貓咪冷凍乾燥生食80g 安心雞 櫻桃鴨】 凍乾 飼料 ,全齡貓,飼料,雞腿,雞心肝,雞蛋黃,天然魚油(富含Omega-3、DHA&EPA),洋車前子膳食纖維,牛磺酸,綜合礦物質,鼠尾草籽,,巴西利,海藻,專利破壁小球藻,天然維生素E,維生素B群,
36,DCS6,0.4978828829383715,DCS,12_15-21-39-17.jpg,汪喵星球 低脂罐 貓咪 低卡主食罐 貓罐 80g 清爽雞肉泥,成貓,主食罐,雞胸,雞腿,雞心肝,雞蛋黃,天然魚油(富含Omega-3、DHA&EPA),,磷酸鈣,碳酸鈣,維生素(維生素B群、維生素A、維生素E、維生素D),綜合礦物質,牛磺酸,洋車前子膳食纖維,,,
37,DCS7,0.6507790946152829,DCS,12_15-21-39-17.jpg,汪喵星球 低脂罐 貓咪 低卡主食罐 貓罐 80g 元氣草飼牛,成貓,主食罐,雞胸,雞腿,牛肉,雞心肝,雞蛋黃,天然魚油(富含Omega-3、DHA&EPA),海藻,薑黃,磷酸鈣,碳酸鈣,維生素(維生素B群、維生素A、維生素E、維生素D),牛磺酸,洋車前子膳食纖維,,
38,DD1,0.5998826139006316,DD,29_15-21-39-47.jpg,爵士貓吧 主食罐 80g貓罐頭 貓咪罐頭｜毛掌櫃⭐歡慶雙11-領券最高折1111⭐,全齡貓,主食罐,鰹魚,雞肉,蛤蠣,水,米,維他命E,牛磺酸,離胺酸,,,,,,,
39,DD2,0.5885449310318268,DD,29_15-21-39-47.jpg,爵士貓吧 主食罐 80g貓罐頭 貓咪罐頭｜毛掌櫃⭐歡慶雙11-領券最高折1111⭐,全齡貓,主食罐,鰹魚,雞肉,南瓜,水,米,維他命E,牛磺酸,離胺酸,,,,,,,
40,DRE1,0.24006644666301463,DRE,5_15-22-03-44.jpg,【DREAMSELECT】小老福濃湯罐 .鮪魚貓草 貓咪副食罐/貓飼料/貓副食/貓咪食品/貓罐頭,全齡貓,副食罐,白身魚,貓草,水,樹薯澱粉,蔬菜膠,果寡糖,牛磺酸,維他命E,,,,,,,
41,DRE2,0.25239200076324336,DRE,5_15-22-03-44.jpg,【DREAMSELECT】小老福濃湯罐 .鮪魚鮮蝦 貓咪副食罐/貓飼料/貓副食/貓咪食品/貓罐頭,全齡貓,副食罐,白身鮪魚,鮮蝦,水,樹薯澱粉,蔬菜膠,果寡糖,牛磺酸,維他命E,,,,,,,
42,DRE3,0.2288992342858034,DRE,5_15-22-03-44.jpg,【DREAMSELECT】小老福濃湯罐 .鮪魚蔓越莓 貓咪副食罐/貓飼料/貓副食/貓咪食品/貓罐頭,全齡貓,副食罐,白身鮪魚,蔓越莓,水,樹薯澱粉,蔬菜膠,果寡糖,牛磺酸,維他命E,,,,,,,
43,DRE4,0.37197336313210944,DRE,5_15-22-03-44.jpg,【DREAMSELECT】小老福濃湯罐 .鮪魚小銀魚 貓咪副食罐/貓飼料/貓副食/貓咪食品/貓罐頭,全齡貓,副食罐,白身鮪魚,小銀魚,水,樹薯澱粉,蔬菜膠,果寡糖,牛磺酸,維他命E,,,,,,,
44,F1,0.5680861951675442,F,2_15-21-41-26.jpg,本牧 earthmade 紐西蘭無穀全齡貓糧 人道非籠飼育雞 寵物飼料 貓飼料 貓咪飼料 貓糧 成貓飼料 全齡貓 幼貓,全齡貓,飼料,雞肉,雞肉粉,豌豆,木薯,雞脂肪,啤酒酵母,亞麻仁籽,天然香料,氯化鉀,氯化膽鹼,硫酸鎂,魚油,蔓越莓乾,奇異果,麥盧卡蜂蜜
45,FM1,0.33537523488998316,FM,17_15-21-41-54.jpg,Farmina法米納《天然無穀全系列》1.5kg 鹿肉蘋果 寵物飼料 貓咪飼料 幼貓飼料  結紮貓飼料,全齡貓,飼料,新鮮去骨雞肉(30%),脫水雞肉(28%),地瓜,雞脂肪,乾燥全蛋,新鮮魚,脫水魚,鱼油,維生素,葉酸,胺基酸,牛磺酸,左旋肉鹼,DL-甲硫胺酸,泛酸
46,FM2,0.047654397904140125,FM,17_15-21-41-54.jpg,【Farmina 法米納】頂級無穀貓飼料1.5kg 鴨肉哈密瓜 (貓飼料 貓乾糧 貓糧),全齡貓,飼料,去骨鴨肉(30%),脱水鴨肉(28%),豆澱粉,雞脂肪,乾燥南瓜(5%),乾燥雞蛋,新鮮魚,鱼油,維生素,葉酸,胺基酸,牛磺酸,左旋肉鹼,DL-甲硫胺酸,泛酸
47,FM4,0.052175212060728726,FM,17_15-21-41-54.jpg,【Farmina 法米納】頂級無穀貓飼料 羊肉藍莓 (貓飼料 貓乾糧 貓糧),全齡貓,飼料,新鮮去骨羊肉(28%),脫水羊肉(26%),地瓜,雞脂肪,乾燥全蛋,新鲜魚,脫水魚,鱼油,維生素,葉酸,胺基酸,牛磺酸,左旋肉鹼,DL-甲硫胺酸,泛酸
48,FM6,0.32134934726696995,FM,17_15-21-41-54.jpg,【Farmina 法米納】頂級無穀貓飼料1.5kg 雞肉石榴 (貓飼料 貓乾糧 貓糧),幼貓,飼料,新鮮去骨雞肉(30%),脫水雞肉(28%),地瓜,雞脂肪,乾燥全蛋,新鲜魚,脫水魚,鱼油,維生素,葉酸,胺基酸,牛磺酸,左旋肉鹼,DL-甲硫胺酸,泛酸
49,FS1,0.07226703281095423,FS,19_15-21-41-58.jpg,法國皇家/貓咪泌尿道處方飼料/CD/LP34/6kg,全齡貓,飼料,玉米麩,家禽肉,米,玉米粉,動物脂肪,水解動物蛋白,蔬菜纖維,甜菜泥,果寡糖,魚油,大豆油,蛋粉,蛋胺酸,水解甲殼素,牛磺酸
50,FUS1,0.09448207558181304,FUS,9_15-21-41-37.jpg,《FUSO Pets》福壽貓 菲尼斯貓飼料  貓咪 貓飼料 福壽貓食 9KG ，鮪魚、雞肉,成貓,飼料,精選玉米,糙米,雞肉粉,魚粉,珍珠大麥,番茄,甜菜,家禽脂肪,酵母粉,絲蘭精華,牛磺酸,綜合維他命,綜合礦物質,天然香料,
51,FUS2,0.05397947568955661,FUS,9_15-21-41-37.jpg,《FUSO Pets》福壽貓 菲尼斯貓飼料 六種口味 貓咪 貓飼料 福壽貓食 9KG【培菓寵物】，燻雞,成貓,飼料,精選玉米,糙米,雞肉粉,魚粉,珍珠大麥,珍珠大麥,乾甜菜,家禽脂肪,酵母粉,乾燥全蛋,絲蘭精華,牛磺酸,綜合維他命,綜合礦物質,天然香料
52,FUS3,0.23921975423930206,FUS,9_15-21-41-37.jpg,【福壽】FUSO Pets福壽貓食20磅-鮭魚、牛肉(貓飼料 貓糧 寵物飼料 貓乾糧),成貓,飼料,精選玉米,糙米,水解胜肽蛋白,牛肉粉,雞肉粉,魚粉,珍珠大麥,番茄,甜菜,家禽脂肪,酵母粉,乾燥全蛋,絲蘭精華,牛磺酸,綜合維他命
53,FUS4,0.30242385910858544,FUS,9_15-21-41-37.jpg,【福壽】FUSO Pets福壽貓食20磅-鮪魚、蟹肉(任選(貓飼料 貓糧 寵物飼料 貓乾糧),成貓,飼料,精選玉米,糙米,雞肉粉,水解胜肽蛋白,魚粉,珍珠大麥,番茄,甜菜,家禽脂肪,酵母粉,乾燥全蛋,絲蘭精華,牛磺酸,綜合維他命,綜合礦物質
54,GO1,0.3670007295810029,GO,14_15-21-41-49.jpg,GO! 貓咪天然糧 無穀全貓配方 低致敏 高肉量 WDJ 貓糧 貓飼料 原裝進口【寵物主義】，皮毛保健無穀野生鮭魚貓糧 8磅,全齡貓,飼料,去骨鮭魚,鮭魚粉,豌豆,扁豆,乾燥全蛋,馬鈴薯,雞肉脂肪,天然香料,去骨鱒魚,木薯,鮭魚油,乾燥菊苣根,蔓越莓,蘋果,
55,GO2,0.0779654193628158,GO,14_15-21-41-49.jpg,GO! 貓咪天然糧 無穀全貓配方 低致敏 高肉量 WDJ 貓糧 貓飼料 原裝進口【寵物主義】，低致敏無穀貓糧 8磅,全齡貓,飼料,去骨鴨肉,鴨肉粉,乾燥全蛋,豌豆,扁豆,豌豆粉,木薯粉,雞肉脂肪,亞麻籽,天然香料,氯化鈉,碳酸鈣,乾燥菊苣根,磷酸,氯化膽鹼
56,GO3,0.3806988564613629,GO,10_15-21-41-40.jpg,Go! 雞肉蔬果 8磅 皮毛保健 全貓配方,全齡貓,飼料,雞肉粉,去骨雞肉,全粒糙米,全粒白米,蒸麥粉,雞肉脂肪(以天然混合生育酚保存),鮭魚粉,天然雞肉香料,蔓越莓,亞麻籽,乾燥全蛋,鮭魚油,紫花苜蓿,"益生菌(乾燥嗜酸乳桿菌發酵物,益生菌(乾燥腸球菌發物)","維生素(A,D3,E,B3,C,B1,B5,B2,B6,H,B12)"
57,GO4,0.013607074773894435,GO,21_15-21-39-35.jpg,【Go】SofyDOG 德國貓咪主食罐100克 能量羊 貓主食罐 貓罐 成貓 幼貓 老貓 挑嘴貓 無穀 無膠,全齡貓,主食罐,羊肉35%（羊肉、羊肝）,羊骨高湯,野豬15%（野豬、野豬肝）,雞肉15%（雞肉、雞肝）,馬鈴薯,南瓜,蔓越莓,紅椒,乾燥蛋白粉,亞麻籽,鮭魚油,薑黃,絲蘭精華,維他命D3,牛磺酸
58,GO5,0.24068287379809428,GO,21_15-21-39-35.jpg,【Go】SofyDOG 德國貓咪主食罐100克 四種肉 貓主食罐 貓罐 成貓 幼貓 老貓 挑嘴貓 無穀 無膠,全齡貓,主食罐,雞肉35%（雞肉、雞肝）,雞骨高湯,火雞15%（火雞、火雞肝）,鴨肉15%,馬鈴薯,南瓜,蔓越莓,亞麻籽,鮭魚油,乾燥蛋白粉,絲蘭萃取物,維他命D3,牛磺酸,碘酸鈣結晶,硫酸銅
59,GO6,0.5562084931326715,GO,GO6.PNG,【Go!】鮮食利樂貓餐包 182g/單入,全齡貓,主食罐,羊肉,雞肉,雞湯,火雞湯,雞肝,野豬,木薯,豬血漿,乾燥蛋清,亞麻籽,南瓜,蔓越莓,魚油,維生素,礦物質
60,IT1,0.0044571244865821424,IT,IT1.PNG,《愛寵貓砂》可溶水豆腐砂 7L 原味,全齡貓,貓砂,豆腐渣,澱粉,檸檬酸,碳酸鈣,,,,,,,,,,,
61,IT2,0.042459659872198255,IT,IT2.PNG,【愛寵】超極細豆腐貓砂6L,全齡貓,貓砂,豆腐渣,澱粉,檸檬酸,碳酸鈣,,,,,,,,,,,
62,JN1,0.429963999209828,JN,0_15-22-03-34.jpg,皇冠大海貓罐頭 400g 大罐貓罐頭 四種口味 貓食品 貓副食罐 貓咪罐頭 貓罐罐超取限10罐【佳恩寵物 】，海鮮拼盤、鮮蝦凍,全齡貓,副食罐,鯖魚,沙丁魚,白帶魚,蝦子,水,凝膠粉,維生素,礦物質,染色劑,,,,,,
63,JN2,0.5823699670347685,JN,0_15-22-03-34.jpg,皇冠大海貓罐頭 400g 大罐貓罐頭 四種口味 貓食品 貓副食罐 貓咪罐頭 貓罐罐超取限10罐【佳恩寵物 】，鮪魚、雞肉鮮蝦凍,全齡貓,副食罐,紅鮪魚,雞肉,水,凝膠粉,維生素,礦物質,染色劑,,,,,,,,
64,JN3,0.3969020220214599,JN,0_15-22-03-34.jpg,皇冠大海貓罐頭 400g 大罐貓罐頭 四種口味 貓食品 貓副食罐 貓咪罐頭 貓罐罐超取限10罐【佳恩寵物 】，鮪魚、沙丁魚,全齡貓,副食罐,紅鮪魚,沙丁魚,水,凝膠粉,維生素,礦物質,染色劑,,,,,,,,
65,JN4,0.28121280734370724,JN,0_15-22-03-34.jpg,皇冠大海貓罐頭 400g 大罐貓罐頭 四種口味 貓食品 貓副食罐 貓咪罐頭 貓罐罐超取限10罐【佳恩寵物 】，鮪魚,全齡貓,副食罐,紅鮪魚,水,凝膠粉,維生素,礦物質,染色劑,,,,,,,,,
66,K91,0.3312669173762148,K9,3_15-21-39-04.jpg,K9 Feline Natural 貓咪凍乾生食餐 320g 牛+鳕,全齡貓,飼料,牛心,鱈魚,牛肉,牛腎,牛肝,牛血,葵花籽油,亞麻籽殻,紐西蘭緣唇貝,乾海藻,牛磺酸,"維生素(E,B1,D3)",鋅蛋白,礦物質,葉酸
67,K92,0.3327956036726667,K9,16_15-21-41-53.jpg,【K9 Natural】貓咪凍乾生食餐-320g  羊+鮭,全齡貓,飼料,羊心,鱈魚,羊肉,羊腎,羊肝,羊血,亞麻籽殻,紐西蘭緣唇貝,乾海藻,牛磺酸,"維生素(E,B1,D3)",鋅蛋白,礦物質,葉酸,
68,K96,0.23720807364684787,K9,K96.PNG,【K9 Natural】98%鮮燉生肉主食貓罐 170g 口味 牛肉 ,全齡貓,主食罐,牛肉,紐西蘭純水,牛肚,牛心,牛腎,牛肝,牛脾,牛血,紐西蘭緣唇貝,乾海藻,牛磺酸,"維生素(E,B1,D3)",鋅蛋白,礦物質,葉酸
69,K98,0.48117833793450226,K9,K98.PNG,【K9 Natural】貓咪鮮燉餐包-85g  雞肉羊肉 (貓餐包 貓罐頭 濕食 無穀 肉泥 紐西蘭 全齡貓 主食),全齡貓,主食罐,雞肉,羊心,紐西蘭純水,羊腎,羊肝,羊血,亞麻籽殼,紐西蘭緣唇貝,乾海藻,牛磺酸,"維生素(E,B1,D3)",鋅蛋白,礦物質,葉酸,
70,LC1,0.050384321486761474,LC,5_15-21-39-07.jpg,紐西蘭ZEALANDIA狂野天廚90g/185g 貓咪無穀主食罐/貓罐頭/保養型主食/貓罐頭-悠懶貓，極品-野味袋鼠,成貓,主食罐,去骨袋鼠肉,水,羊內臟,綠唇貽貝,乾燥酵母,決明子膠,胡蘿蔔纖維,鮭魚油,碳酸鈣,洋菜膠,瓜爾豆膠,氯化鉀,氯化膽鹼,牛磺酸,鐵蛋白
71,LC2,0.08092207894254881,LC,5_15-21-39-07.jpg,紐西蘭ZEALANDIA狂野天廚90g/185g 貓咪無穀主食罐/貓罐頭/保養型主食/貓罐頭-悠懶貓，極品-鮮味野鹿,成貓,主食罐,去骨鹿肉,水,羊內臟,綠唇貽貝,乾燥酵母,決明子膠,胡蘿蔔纖維,鮭魚油,碳酸鈣,洋菜膠,瓜爾豆膠,氯化鉀,氯化膽鹼,牛磺酸,鐵蛋白
72,LC3,0.07979214422828901,LC,5_15-21-39-07.jpg,紐西蘭ZEALANDIA狂野天廚90g/185g 貓咪無穀主食罐/貓罐頭/保養型主食/貓罐頭-悠懶貓，經典-珍味小羊,成貓,主食罐,去骨羊肉,水,羊內臟,綠唇貽貝,乾燥酵母,決明子膠,胡蘿蔔纖維,鮭魚油,碳酸鈣,洋菜膠,瓜爾豆膠,氯化鉀,氯化膽鹼,牛磺酸,鐵蛋白
73,LC4,0.04913919791895956,LC,5_15-21-39-07.jpg,紐西蘭ZEALANDIA狂野天廚90g/185g 貓咪無穀主食罐/貓罐頭/保養型主食/貓罐頭-悠懶貓，經典-草原野牛,成貓,主食罐,去骨牛肉,水,羊內臟,綠唇貽貝,乾燥酵母,決明子膠,胡蘿蔔纖維,鮭魚油,碳酸鈣,洋菜膠,瓜爾豆膠,氯化鉀,氯化膽鹼,牛磺酸,鐵蛋白
74,LIS1,0.5978348046766326,LIS,7_15-22-03-46.jpg,日本銀湯匙 貓咪餐包 湯包 貓餐包 魚肉餐包 副食餐包 60g，鮪魚,全齡貓,副食罐,鮪魚,鰹魚,魚類萃取物,調味料,增稠劑,,,,,,,,,,
75,LIS2,0.6260480633347786,LIS,7_15-22-03-46.jpg,日本銀湯匙 貓咪餐包 湯包 貓餐包 魚肉餐包 副食餐包 60g，鮪魚、鰹魚、柴魚片,全齡貓,副食罐,鮪魚,鰹魚,魚類萃取物,柴魚片,調味料,增稠劑,,,,,,,,,
76,LIS3,0.6664123572166746,LIS,7_15-22-03-46.jpg,日本銀湯匙 貓咪餐包 湯包 貓餐包 魚肉餐包 副食餐包 60g，鮪魚、鰹魚、吻仔魚,全齡貓,副食罐,鮪魚,鰹魚,魚類萃取物,吻仔魚,調味料,增稠劑,,,,,,,,,
77,LIS4,0.6287401666890582,LIS,7_15-22-03-46.jpg,日本銀湯匙 貓咪餐包 湯包 貓餐包 魚肉餐包 副食餐包 60g，鮪魚、鰹魚、雞胸肉,全齡貓,副食罐,鮪魚,鰹魚,魚類萃取物,雞胸肉,調味料,增稠劑,,,,,,,,,
78,MIX1,0.3926073209587011,MIX,0_15-21-41-24.jpg,MIX什錦貓食 70g 貓零食 貓飼料 寵物零食 貓咪餅乾 貓咪無穀飼料，特鮮銀魚,全齡貓,飼料,雞肉絨,鱈魚肉絨,豌豆,地瓜,家禽油脂,乾燥甜菜,乾燥蕃茄,乾燥海藻,乾燥全蛋,酵母粉,小魚乾,鰹魚,鰹魚,國產蔬菜,牛磺酸
79,MIX2,0.3317404278544057,MIX,0_15-21-41-24.jpg,什錦MIX▸貓餐包▸隨手包▸寵物飼料▸貓咪乾糧▸頂級鮮蝦▸無穀乾糧▸貓咪飼料▸台灣製造,全齡貓,飼料,雞肉絨,鱈魚肉絨,豌豆,地瓜,家禽油脂,乾燥甜菜,乾燥蕃茄,乾燥海藻,乾燥全蛋,酵母粉,蝦仁,鰹魚,鰹魚,國產蔬菜,牛磺酸
80,MIX3,0.33614130000060854,MIX,0_15-21-41-24.jpg,什錦MIX▸貓餐包▸隨手包▸寵物飼料▸貓咪乾糧▸櫻花蝦▸無穀乾糧▸貓咪飼料▸台灣製造,全齡貓,飼料,雞肉絨,鱈魚肉絨,豌豆,地瓜,家禽油脂,乾燥甜菜,乾燥蕃茄,乾燥海藻,乾燥全蛋,酵母粉,櫻花蝦,鰹魚,鰹魚,國產蔬菜,牛磺酸
81,MP1,0.04639276276497869,MP,3_15-21-41-28.jpg,【MonPetit 貓倍麗】成貓乾糧 3lb/1.36kg，海鮮拼盤,成貓,飼料,穀類,肉類,豆粨,動物性脂肪,水解蛋白,鮪魚肉蓉,魚類,蛋,馬鈴薯,乳類,蔬菜粉,綜合礦物質,綜合維生素,牛磺酸,食用色素
82,MP2,0.042775508417782174,MP,3_15-21-41-28.jpg,【MonPetit 貓倍麗】成貓乾糧 3lb/1.36kg，化毛配方,成貓,飼料,穀類,肉類,豆粨,動物性脂肪,纖維素,水解蛋白,魚類,蛋,馬鈴薯,乳類,蔬菜粉,綜合礦物質,綜合維生素,牛磺酸,食用色素
83,MP3,0.004372451020983015,MP,3_15-21-41-28.jpg,【MonPetit 貓倍麗】成貓乾糧 3lb/1.36kg，鮮魚什錦,成貓,飼料,穀類,肉類,豆粨,動物性脂肪,魚類,水解蛋白,蛋,馬鈴薯,乳類,蔬菜粉,綜合礦物質,綜合維生素,牛磺酸,食用色素,
84,MP4,0.5821151331249221,MP,MP4.PNG,Mon Petit貓倍麗®美國經典主食罐 85g,全齡貓,主食罐,雞肉蓉,雞肉,小麥麩質,肉類副產物（豬）,肝臟（豬）,番茄,胡蘿蔔,火雞,修飾玉米澱粉,菠菜,大豆粉,甘胺酸,礦物質（氯化鉀、硫酸鋅、硫酸亞鐵、硫酸錳、硫酸銅、碘化鉀）,牛磺酸,維生素（B1、E、菸鹼酸、本多酸鈣、A、K3、B6、B2、B12、生物素、葉酸、D3）
85,NKo1,0.3181815706577934,NKo,8_15-22-03-47.jpg,【吶一口】貓咪湯罐 80g 無穀 副食罐 鮪魚底罐罐 ，鮪魚、蝦子,全齡貓,副食罐,水,鮪魚,蝦子,魚高湯,,,,,,,,,,,
86,NKo2,0.6215966273488497,NKo,8_15-22-03-47.jpg,【吶一口】貓咪湯罐 80g  無穀 副食罐 鮪魚底罐罐，鮪魚、雞肉,全齡貓,副食罐,水,鮪魚,雞肉,魚高湯,,,,,,,,,,,
87,NKo3,0.46172790676669606,NKo,8_15-22-03-47.jpg,【吶一口】貓咪湯罐 80g 無穀 副食罐 鮪魚底罐罐，鮪魚、柴魚,全齡貓,副食罐,水,鮪魚,柴魚,魚高湯,,,,,,,,,,,
88,NKo4,0.36863281558317945,NKo,8_15-22-03-47.jpg,【吶一口】貓咪湯罐 80g 無穀 副食罐 鮪魚底罐罐，鮪魚、吻仔魚,全齡貓,副食罐,水,鮪魚,吻仔魚,魚高湯,,,,,,,,,,,
89,NOW1,0.2327818254016522,NOW,7_15-21-41-34.jpg,Now! 鮮肉無穀天然糧 幼母貓配方 3磅,幼貓,飼料,去骨火雞肉,乾燥全蛋,豌豆,馬鈴薯,馬鈴薯粉,豌豆粉,天然香料,加拿大芥花籽油（以天然混合生育酚混合保存）,亞麻籽,椰子油（以天然混合生育酚混合保存）,去骨鮭魚肉,去骨鴨肉,益生菌（乾燥嗜酸乳桿菌發酵物、乾燥腸球菌發酵物）,維生素(維生素A、泛酸鈣、β-胡蘿蔔素、核黃素、維生素B6、維生素B12、維生素D3、葉酸）,礦物質（鋅蛋白、硫酸亞鐵、氧化鋅、鐵蛋白、硫酸銅、亞硒酸鈉、銅蛋白、錳蛋白、氧化錳、碘酸鈣)
90,NOW2,0.28638190553586707,NOW,7_15-21-41-34.jpg,Now! 鮮肉無穀天然糧 老貓/減肥貓配方 3磅,老齡貓,飼料,去骨火雞肉,馬鈴薯,豌豆,豌豆纖維,馬鈴薯粉,乾燥全蛋,天然香料,亞麻籽,加拿大芥花油（由天然混合生育酚混合保存）,去骨鮭魚肉,去骨鴨肉,紫芽苜蓿,益生菌（乾燥嗜酸乳桿菌發酵物、乾燥腸球菌發酵物）,維生素(維生素A、泛酸鈣、β-胡蘿蔔素、核黃素、維生素B6、維生素B12、維生素D3、葉酸）,礦物質（鋅蛋白、硫酸亞鐵、氧化鋅、鐵蛋白、硫酸銅、亞硒酸鈉、銅蛋白、錳蛋白、氧化錳、碘酸鈣)
91,QP1,0.08372709213531995,QP,QP1.PNG,Q-Pet 天然松木砂 8L,全齡貓,貓砂,天然松木,,,,,,,,,,,,,,
92,SH1,0.4485882487928568,SH,9_15-22-03-48.jpg,【Schesir 雪詩雅】Schesir 義大利 雪詩雅 貓罐頭 天然水果貓罐 貓咪罐頭 副食罐 【三個寶】，純鮪魚,全齡貓,副食罐,鮪魚,米,天然萃取蔬果膠質,蛋白質,粗脂肪,粗纖維,粗灰份,水,維生素A,維生素E,牛磺酸,,,,
93,SH2,0.5796365155820322,SH,9_15-22-03-48.jpg,【Schesir 雪詩雅】Schesir 義大利 雪詩雅 貓罐頭 天然水果貓罐 貓咪罐頭 副食罐 【三個寶】，鮪魚、吻仔魚,全齡貓,副食罐,鮪魚,吻仔魚,米,天然萃取蔬果膠質,蛋白質,粗脂肪,粗纖維,粗灰份,水,維生素A,維生素E,牛磺酸,,,
94,SH3,0.6857488299421942,SH,9_15-22-03-48.jpg,【Schesir 雪詩雅】Schesir 義大利 雪詩雅 貓罐頭 天然水果貓罐 貓咪罐頭 副食罐 【三個寶】，鮪魚、蝦,全齡貓,副食罐,鮪魚,蝦,米,天然萃取蔬果膠質,蛋白質,粗脂肪,粗纖維,粗灰份,水,維生素A,維生素E,牛磺酸,,,
95,SH4,0.7716673358449009,SH,9_15-22-03-48.jpg,【Schesir 雪詩雅】Schesir 義大利 雪詩雅 貓罐頭 天然水果貓罐 貓咪罐頭 副食罐 【三個寶】，鮪魚、雞肉,全齡貓,副食罐,鮪魚,雞肉,米,天然萃取蔬果膠質,蛋白質,粗脂肪,粗纖維,粗灰份,水,維生素A,維生素E,牛磺酸,,,
96,SIN1,0.04824753708029765,SIN,12_15-21-45-49.jpg,【SINGEN 信元發育寶】貓用整腸益生菌-5g,全齡貓,保健食品,凝結芽孢桿菌,枯草芽孢桿菌,果寡糖,維生素A,維生素D,維生素B1,維生素B2,維生素B6,,,,,,,
97,SIN2,0.09901232617994701,SIN,6_15-21-45-42.jpg,【SINGEN 信元發育寶】貓用護眼護心牛磺酸片-160錠/罐,全齡貓,保健食品,牛磺酸,膠原蛋白,維生素(A、B1、B2、B6),DHA,海藻粉,,,,,,,,,,
98,SIN3,0.0892329136590021,SIN,4_15-21-45-39.jpg,SINGEN 信元發育寶 貓用毛球剋星天然營養配方化毛膏120g/條 海鮮雞肉風味,全齡貓,保健食品,麥芽萃取,小麥胚芽油,麥苗粉,,,,,,,,,,,,
99,SIN5,0.09189791329219818,SIN,8_15-21-45-44.jpg,SINGEN 信元發育寶 貓用強健骨骼牙齒補充吸收鈣磷配方-250g/罐 貓咪保健 貓咪保健食品 貓咪補鈣 狗狗牙齒保健 貓咪骨骼保健,全齡貓,保健食品,凝結芽孢桿菌,磷酸氫鈣,維生素D3,,,,,,,,,,,,
100,SIN6,0.07934146436277392,SIN,SIN6.PNG,SINGEN 信元發育寶 貓用泌尿道保健情緒舒緩配方蔓越莓軟嚼錠-60錠/罐,全齡貓,保健食品,乙醯葡萄糖胺,B-葡聚醣,色胺酸,GABA,蔓越莓,西番蓮花,南瓜籽,,,,,,,,
101,SIN9,0.0669782173345974,SIN,SIN9.PNG,SINGEN 信元發育寶 任選成貓用添加機能顆粒天然低敏無穀 鴨羊 機能飼料-1.5KG 貓乾糧,幼貓,飼料,脫水鴨肉,新鮮去皮鴨肉,新鮮羊肉,馬鈴薯原粒,豌豆,雞脂（以維生素E及迷迭香混合作為天然保鮮原料）,亞麻籽,卵磷脂,亞麻籽,菊苣根（FOS主要來源）,酵母提取物（MOS主要來源）,維生素(維生素A、維生素D3、維生素E、維生素B1、維生素B2、維生素B12),生物素,泛酸,葉酸
102,Sup1,0.22174548806425648,Sup,11_15-21-39-15.jpg,超級 SP 無膠 70g 貓用主食罐/ 貓罐/ 貓咪主食罐/ 無膠罐，鯖魚、南瓜,成貓,主食罐,水,鯖魚,鮪魚肉,南瓜,豌豆蛋白,鮪魚萃取物,維他命,礦物質,大豆油,鮪魚油,鹽,牛磺酸,,,
103,Sup2,0.2147029670806713,Sup,11_15-21-39-15.jpg,超級 SP 無膠 70g 貓用主食罐/ 貓罐/ 貓咪主食罐/ 無膠罐，鯖魚、紅蘿蔔,成貓,主食罐,水,鯖魚,鮪魚肉,紅蘿蔔,豌豆蛋白,鮪魚萃取物,維他命,礦物質,大豆油,葡萄糖胺,鹽,牛磺酸,,,
104,Sup3,0.4089585127397591,Sup,11_15-21-39-15.jpg,超級 SP 無膠 70g 貓用主食罐/ 貓罐/ 貓咪主食罐/ 無膠罐，鯖魚、鮮蝦、蟹肉,成貓,主食罐,水,鯖魚,鮪魚肉,豌豆蛋白,鮮蝦,蟹肉,鮪魚萃取物,維他命,礦物質,大豆油,益生菌,鹽,牛磺酸,,
105,Sup4,0.451565099722785,Sup,11_15-21-39-15.jpg,超級 SP 無膠 70g 貓用主食罐/ 貓罐/ 貓咪主食罐/ 無膠罐，雞肉、南瓜,成貓,主食罐,水,雞肉,鮪魚肉,南瓜,豌豆蛋白,鮪魚萃取物,維他命,礦物質,大豆油,鹽,牛磺酸,絲蘭萃取物,綠茶,,
106,WJ1,0.383412077626474,WJ,18_15-21-39-29.jpg,偉嘉 貓咪主食罐頭24罐組(185g/入)海陸饗宴餐/海洋鮮魚餐 蝦皮直送 現貨,全齡貓,主食罐,特選上等海鮮魚類,沙丁魚,蔬菜膠,蔬菜油,食用色素,必需維生素,礦物質,,,,,,,,
107,WJ2,0.3610035821562853,WJ,18_15-21-39-29.jpg,偉嘉 貓咪主食罐頭24罐組(185g/入)海陸饗宴餐/海洋鮮魚餐 蝦皮直送 現貨,全齡貓,主食罐,特選上等海鮮魚類,沙丁魚,蔬菜膠,蔬菜油,食用色素,必需維生素,礦物質,,,,,,,,
